{"cameraMode":{"drawMode":0,"name":"Shaded","section":"Shading Mode"},"sceneLighting":false,"audioPlay":false,"sceneViewState":{"m_AlwaysRefresh":false,"showFog":true,"showSkybox":true,"showFlares":true,"showImageEffects":true,"showParticleSystems":true,"showVisualEffectGraphs":true,"m_FxEnabled":false},"in2DMode":false,"pivot":{"x":-0.007622154429554939,"y":3.3353521823883058,"z":-17.38779640197754},"rotation":{"x":-0.03404010832309723,"y":0.9489924907684326,"z":-0.2938667833805084,"w":-0.10954603552818299},"size":0.7088723182678223,"orthographic":false}