{"cameraMode":{"drawMode":0,"name":"Shaded","section":"Shading Mode"},"sceneLighting":false,"audioPlay":false,"sceneViewState":{"m_AlwaysRefresh":false,"showFog":true,"showSkybox":false,"showFlares":true,"showImageEffects":true,"showParticleSystems":true,"showVisualEffectGraphs":true,"m_FxEnabled":false},"in2DMode":false,"pivot":{"x":0.6133441925048828,"y":0.10392606258392334,"z":10.349113464355469},"rotation":{"x":0.05886140838265419,"y":-0.937468945980072,"z":0.19419002532958985,"w":0.2832050919532776},"size":0.18552261590957642,"orthographic":false}