{"cameraMode":{"drawMode":0,"name":"Shaded","section":"Shading Mode"},"sceneLighting":false,"audioPlay":false,"sceneViewState":{"m_AlwaysRefresh":false,"showFog":true,"showSkybox":false,"showFlares":true,"showImageEffects":true,"showParticleSystems":true,"showVisualEffectGraphs":true,"m_FxEnabled":true},"in2DMode":false,"pivot":{"x":0.5413953065872192,"y":0.21377980709075929,"z":-0.05871319770812988},"rotation":{"x":-0.362648606300354,"y":-0.32425084710121157,"z":0.13625460863113404,"w":-0.8630092740058899},"size":1.299038052558899,"orthographic":false}