{"cameraMode":{"drawMode":0,"name":"Shaded","section":"Shading Mode"},"sceneLighting":false,"audioPlay":false,"sceneViewState":{"m_AlwaysRefresh":false,"showFog":true,"showSkybox":false,"showFlares":true,"showImageEffects":true,"showParticleSystems":true,"showVisualEffectGraphs":true,"m_FxEnabled":false},"in2DMode":false,"pivot":{"x":0.4146210849285126,"y":1.8546656370162964,"z":-0.02221190370619297},"rotation":{"x":-0.5041460990905762,"y":0.4954327344894409,"z":-0.5145363807678223,"w":-0.48542913794517519},"size":1.5364104509353638,"orthographic":false}