{"cameraMode":{"drawMode":0,"name":"Shaded","section":"Shading Mode"},"sceneLighting":false,"audioPlay":false,"sceneViewState":{"m_AlwaysRefresh":false,"showFog":true,"showSkybox":false,"showFlares":true,"showImageEffects":true,"showParticleSystems":true,"showVisualEffectGraphs":true,"m_FxEnabled":false},"in2DMode":false,"pivot":{"x":0.6182037591934204,"y":0.05392322689294815,"z":10.337211608886719},"rotation":{"x":0.0010843112831935287,"y":-0.8679586052894592,"z":0.001465321984142065,"w":0.4968627393245697},"size":0.12247449159622193,"orthographic":false}